,0
0,
1,
2,
3,
4,
5,
6,
7,
8,
9,
10,
11,
12,
13,
14,
15,
16,1593.9411764705883
17,1600.5882352941176
18,1611.1176470588234
19,1624.9411764705883
20,1640.235294117647
21,1655.8823529411766
22,1671.0588235294117
23,1684.8823529411766
24,1696.235294117647
25,1705.764705882353
26,1727.7058823529412
27,1753.1176470588234
28,1782.2941176470588
29,1813.8235294117646
30,1844.8823529411766
31,1872.6470588235295
32,1895.0
33,1911.3529411764705
34,1923.8823529411766
35,1934.2941176470588
36,1944.1176470588234
37,1955.1176470588234
38,1966.3529411764705
39,1977.764705882353
40,1988.2941176470588
41,2000.0588235294117
42,2014.5882352941176
43,2018.0
44,2017.8823529411766
45,2013.4705882352941
46,2004.9411764705883
47,1994.1176470588234
48,1982.5882352941176
49,1984.1764705882354
50,1987.0588235294117
51,1989.0588235294117
52,1990.2941176470588
53,1991.8823529411766
54,1993.8823529411766
55,1997.0588235294117
56,2000.4705882352941
57,2004.4117647058824
58,2004.9411764705883
59,2001.1176470588234
60,1992.5294117647059
61,1980.9411764705883
62,1968.8235294117646
63,1959.4117647058824
64,1953.6470588235295
65,1952.9411764705883
66,1944.5294117647059
67,1939.0588235294117
68,1937.1764705882354
69,1938.6470588235295
70,1941.9411764705883
71,1946.1764705882354
72,1948.1176470588234
73,1954.4117647058824
74,1965.3529411764705
75,1982.8235294117646
76,2006.0
77,2033.1176470588234
78,2061.3529411764707
79,2088.176470588235
80,2111.0588235294117
81,2129.470588235294
82,2142.0
83,2149.5882352941176
84,2152.823529411765
85,2153.235294117647
86,2149.529411764706
87,2142.3529411764707
88,2133.235294117647
89,2125.705882352941
90,2114.0
91,2099.0588235294117
92,2080.529411764706
93,2059.0
94,2036.2941176470588
95,2014.3529411764705
96,1991.764705882353
97,1974.0588235294117
98,1959.9411764705883
99,1950.0
100,1942.6470588235295
101,1938.8823529411766
102,1937.235294117647
103,1939.0
104,1943.9411764705883
105,1950.7058823529412
106,1957.8235294117646
107,1964.5882352941176
108,1970.3529411764705
109,1975.9411764705883
110,1979.9411764705883
111,1983.2941176470588
112,1984.4705882352941
113,1985.764705882353
114,1981.0
115,1971.0
116,1956.1176470588234
117,1938.5294117647059
118,1918.4117647058824
119,1917.5294117647059
120,1916.6470588235295
121,1915.4705882352941
122,1913.4705882352941
123,1910.235294117647
124,1904.4117647058824
125,1894.235294117647
126,1879.8235294117646
127,1861.6470588235295
128,1840.9411764705883
129,1820.8823529411766
130,1802.764705882353
131,1788.1764705882354
132,1779.1764705882354
133,1774.7058823529412
134,1774.2941176470588
135,1778.235294117647
136,1765.8823529411766
137,1756.0
138,1748.0588235294117
139,1742.2941176470588
140,1738.2941176470588
141,1736.2941176470588
142,1726.6470588235295
143,1723.3529411764705
144,1728.0
145,1737.5294117647059
146,1750.764705882353
147,1767.2941176470588
148,1786.8235294117646
149,1807.7058823529412
150,1829.4117647058824
151,1850.1176470588234
152,1868.0588235294117
153,1881.3529411764705
154,1889.2941176470588
155,1892.0
156,1891.0588235294117
157,1887.5882352941176
158,1882.3529411764705
159,1887.5294117647059
160,1889.2941176470588
161,1888.0588235294117
162,1885.0
163,1881.5882352941176
164,1878.7058823529412
165,1865.1764705882354
166,1848.9411764705883
167,1832.0588235294117
168,1816.4705882352941
169,1803.1764705882354
170,1793.764705882353
171,1789.5882352941176
172,1790.0588235294117
173,1791.1176470588234
174,1795.1764705882354
175,1801.0
176,1807.4117647058824
177,1813.6470588235295
178,1817.1764705882354
179,1817.8823529411766
180,1814.4117647058824
181,1805.235294117647
182,1801.7058823529412
183,1797.2941176470588
184,1792.0
185,1786.2941176470588
186,1779.8235294117646
187,1772.2941176470588
188,1764.6470588235295
189,1758.1176470588234
190,1750.6470588235295
191,1740.235294117647
192,1729.6470588235295
193,1719.0588235294117
194,1709.0588235294117
195,1702.9411764705883
196,1701.764705882353
197,1705.2941176470588
198,1714.5294117647059
199,1728.5882352941176
200,1746.5882352941176
201,1765.8823529411766
202,1785.4705882352941
203,1805.0588235294117
204,1825.4705882352941
205,1845.6470588235295
206,1864.2941176470588
207,1884.4117647058824
208,1905.0588235294117
209,1922.5294117647059
210,1935.0
211,1942.1764705882354
212,1948.8235294117646
213,1951.764705882353
214,1950.764705882353
215,1944.8823529411766
216,1935.7058823529412
217,1923.4705882352941
218,1910.9411764705883
219,1897.5882352941176
220,1885.9411764705883
221,1874.7058823529412
222,1862.8823529411766
223,1851.4117647058824
224,1842.0
225,1834.1176470588234
226,1829.5882352941176
227,1830.4117647058824
228,1835.1176470588234
229,1836.7058823529412
230,1838.1176470588234
231,1840.0
232,1843.4705882352941
233,1848.1764705882354
234,1853.5882352941176
235,1840.0588235294117
236,1826.0588235294117
237,1810.5882352941176
238,1794.0588235294117
239,1776.0
240,1755.5882352941176
241,1734.235294117647
242,1714.7058823529412
243,1698.3529411764705
244,1684.1764705882354
245,1673.8823529411766
246,1667.5882352941176
247,1663.7058823529412
248,1661.3529411764705
249,1657.9411764705883
250,1653.5882352941176
251,1648.1764705882354
252,1659.8823529411766
253,1670.1764705882354
254,1680.4705882352941
255,1690.764705882353
256,1701.4117647058824
257,1713.5882352941176
258,1727.9411764705883
259,1737.1764705882354
260,1740.764705882353
261,1740.5882352941176
262,1741.5294117647059
263,1740.0588235294117
264,1736.2941176470588
265,1735.4705882352941
266,1741.0
267,1751.5882352941176
268,1768.4705882352941
269,1789.4705882352941
270,1814.8235294117646
271,1841.4117647058824
272,1867.0588235294117
273,1891.6470588235295
274,1913.6470588235295
275,1930.5294117647059
276,1946.2941176470588
277,1959.4117647058824
278,1970.235294117647
279,1975.3529411764705
280,1980.4117647058824
281,1986.8823529411766
282,1998.4705882352941
283,2003.8235294117646
284,2003.764705882353
285,1996.8823529411766
286,1985.5294117647059
287,1968.0
288,1944.4117647058824
289,1917.0588235294117
290,1888.1176470588234
291,1860.8235294117646
292,1836.1176470588234
293,1816.4117647058824
294,1803.5882352941176
295,1797.5294117647059
296,1795.3529411764705
297,1795.0
298,1795.8235294117646
299,1788.5882352941176
300,1782.0588235294117
301,1775.4117647058824
302,1769.235294117647
303,1763.2941176470588
304,1757.8823529411766
305,1739.0588235294117
306,1726.3529411764705
307,1719.0588235294117
308,1715.5882352941176
309,1716.6470588235295
310,1723.764705882353
311,1735.3529411764705
312,1750.3529411764705
313,1768.7058823529412
314,1788.6470588235295
315,1808.0
316,1825.1764705882354
317,1840.4705882352941
318,1854.3529411764705
319,1867.4705882352941
320,1880.3529411764705
321,1894.8235294117646
322,1924.7058823529412
323,1949.4117647058824
324,1966.9411764705883
325,1974.3529411764705
326,1971.7058823529412
327,1957.2941176470588
328,1938.3529411764705
329,1910.235294117647
330,1875.7058823529412
331,1838.8235294117646
332,1802.4705882352941
333,1770.235294117647
334,1742.2941176470588
335,1719.235294117647
336,1701.4117647058824
337,1689.1176470588234
338,1682.7058823529412
339,1681.0
340,1682.0
341,1685.6470588235295
342,1692.0
343,1699.5294117647059
344,1707.1176470588234
345,1711.3529411764705
346,1718.9411764705883
347,1729.8235294117646
348,1743.5294117647059
349,1760.1176470588234
350,1777.235294117647
351,1794.5294117647059
352,1817.9411764705883
353,1834.764705882353
354,1843.4705882352941
355,1842.1764705882354
356,1832.9411764705883
357,1819.764705882353
358,1805.0588235294117
359,1792.235294117647
360,1782.8823529411766
361,1779.1764705882354
362,1779.8235294117646
363,1783.5294117647059
364,1788.9411764705883
365,1794.6470588235295
366,1798.764705882353
367,1799.5882352941176
368,1794.764705882353
369,1775.4705882352941
370,1752.3529411764705
371,1725.4705882352941
372,1697.7058823529412
373,1674.0
374,1657.8235294117646
375,1659.7058823529412
376,1659.235294117647
377,1655.1176470588234
378,1645.2941176470588
379,1628.1176470588234
380,1604.764705882353
381,1578.1764705882354
382,1549.5882352941176
383,1522.3529411764705
384,1500.7058823529412
385,1489.5294117647059
386,1491.235294117647
387,1506.0
388,1533.6470588235295
389,1571.0
390,1608.1176470588234
391,1637.764705882353
392,1648.0
393,1658.6470588235295
394,1671.5294117647059
395,1687.9411764705883
396,1709.4117647058824
397,1735.4117647058824
398,1775.235294117647
399,1815.0588235294117
400,1854.0
401,1888.6470588235295
402,1916.8823529411766
403,1938.1764705882354
404,1953.0
405,1962.4117647058824
406,1966.8823529411766
407,1968.9411764705883
408,1971.2941176470588
409,1974.4117647058824
410,1978.764705882353
411,1983.4705882352941
412,1989.1176470588234
413,1996.0
414,2002.8235294117646
415,1997.5294117647059
416,1992.0
417,1984.235294117647
418,1974.764705882353
419,1963.764705882353
420,1952.7058823529412
421,1949.235294117647
422,1942.8235294117646
423,1933.8823529411766
424,1924.2941176470588
425,1915.7058823529412
426,1908.3529411764705
427,1901.8823529411766
428,1897.1176470588234
429,1892.3529411764705
430,1886.5294117647059
431,1879.3529411764705
432,1871.764705882353
433,1865.4117647058824
434,1861.1176470588234
435,1858.6470588235295
436,1858.9411764705883
437,1859.6470588235295
438,1852.8235294117646
439,1845.4705882352941
440,1837.4117647058824
441,1829.764705882353
442,1821.4117647058824
443,1810.0
444,1798.5882352941176
445,1811.1764705882354
446,1821.5294117647059
447,1829.6470588235295
448,1835.7058823529412
449,1838.235294117647
450,1835.8235294117646
451,1829.0
452,1820.1764705882354
453,1809.5294117647059
454,1799.5882352941176
455,1791.8235294117646
456,1788.1176470588234
457,1787.6470588235295
458,1789.1176470588234
459,1793.1764705882354
460,1802.6470588235295
461,1814.6470588235295
462,1804.235294117647
463,1798.1764705882354
464,1796.5294117647059
465,1799.5294117647059
466,1807.4117647058824
467,1820.0588235294117
468,1835.7058823529412
469,1848.0588235294117
470,1857.5294117647059
471,1864.4705882352941
472,1869.2941176470588
473,1873.8823529411766
474,1880.5882352941176
475,1890.2941176470588
476,1901.5294117647059
477,1913.0588235294117
478,1924.7058823529412
479,1937.235294117647
480,1950.8823529411766
481,1964.764705882353
482,1979.1176470588234
483,1992.7058823529412
484,2003.9411764705883
485,2014.2941176470588
486,2028.764705882353
487,2045.764705882353
488,2064.0588235294117
489,2082.176470588235
490,2099.1176470588234
491,2094.176470588235
492,2088.8823529411766
493,2084.176470588235
494,2081.0
495,2078.8823529411766
496,2075.176470588235
497,2068.176470588235
498,2058.294117647059
499,2044.2941176470588
500,2027.235294117647
501,2008.5294117647059
502,1989.0588235294117
503,1966.5294117647059
504,1941.764705882353
505,1913.235294117647
506,1882.1176470588234
507,1851.2941176470588
508,1841.764705882353
509,1831.764705882353
510,1820.4705882352941
511,1807.9411764705883
512,1793.1764705882354
513,1777.2941176470588
514,1761.7058823529412
515,1752.4117647058824
516,1743.235294117647
517,1735.1764705882354
518,1728.8235294117646
519,1722.8823529411766
520,1719.3529411764705
521,1718.4705882352941
522,1722.5882352941176
523,1731.0588235294117
524,1741.1764705882354
525,1752.235294117647
526,1764.1764705882354
527,1777.3529411764705
528,1790.9411764705883
529,1804.9411764705883
530,1818.1176470588234
531,1829.235294117647
532,1831.0588235294117
533,1830.235294117647
534,1827.5294117647059
535,1824.1764705882354
536,1821.2941176470588
537,1819.1764705882354
538,1808.9411764705883
539,1794.0
540,1772.3529411764705
541,1745.8235294117646
542,1716.0
543,1685.4117647058824
544,1656.4705882352941
545,1631.5882352941176
546,1614.235294117647
547,1607.0
548,1610.764705882353
549,1625.0
550,1646.4705882352941
551,1669.8823529411766
552,1691.9411764705883
553,1710.5294117647059
554,1725.5882352941176
555,1746.0
556,1767.235294117647
557,1791.7058823529412
558,1818.8823529411766
559,1848.5294117647059
560,1877.0588235294117
561,1898.4117647058824
562,1914.8823529411766
563,1923.7058823529412
564,1923.1176470588234
565,1912.0
566,1891.235294117647
567,1864.4705882352941
568,1835.4705882352941
569,1809.4705882352941
570,1789.1176470588234
571,1774.8823529411766
572,1765.4117647058824
573,1760.0588235294117
574,1758.1764705882354
575,1759.3529411764705
576,1761.3529411764705
577,1764.0588235294117
578,1771.0588235294117
579,1777.1176470588234
580,1781.9411764705883
581,1786.8823529411766
582,1793.764705882353
583,1803.2941176470588
584,1810.8823529411766
585,1820.0
586,1827.7058823529412
587,1834.235294117647
588,1839.235294117647
589,1845.2941176470588
590,1854.0
591,1864.5294117647059
592,1876.0588235294117
593,1888.7058823529412
594,1901.5882352941176
595,1913.0588235294117
596,1922.6470588235295
597,1929.1176470588234
598,1931.9411764705883
599,1930.8235294117646
600,1927.0
601,1926.9411764705883
602,1927.8823529411766
603,1929.8235294117646
604,1930.5882352941176
605,1929.5294117647059
606,1925.4117647058824
607,1917.7058823529412
608,1916.0588235294117
609,1911.5882352941176
610,1902.9411764705883
611,1891.4705882352941
612,1877.4117647058824
613,1862.5294117647059
614,1849.3529411764705
615,1839.5294117647059
616,1833.5882352941176
617,1830.2941176470588
618,1826.4117647058824
619,1822.4117647058824
620,1818.4705882352941
621,1815.2941176470588
622,1812.4705882352941
623,1808.7058823529412
624,1802.8823529411766
625,1784.764705882353
626,1763.8235294117646
627,1742.0
628,1721.235294117647
629,1703.4705882352941
630,1688.5882352941176
631,1687.1176470588234
632,1687.4705882352941
633,1688.235294117647
634,1692.0
635,1694.9411764705883
636,1698.1764705882354
637,1699.5294117647059
638,1696.9411764705883
639,1693.1176470588234
640,1690.3529411764705
641,1692.0
642,1700.5294117647059
643,1716.0588235294117
644,1737.235294117647
645,1759.4705882352941
646,1781.6470588235295
647,1802.1764705882354
648,1809.2941176470588
649,1816.9411764705883
650,1825.6470588235295
651,1831.764705882353
652,1838.7058823529412
653,1841.5294117647059
654,1844.0588235294117
655,1850.9411764705883
656,1859.235294117647
657,1867.4705882352941
658,1874.0588235294117
659,1878.5882352941176
660,1882.235294117647
661,1884.235294117647
662,1887.3529411764705
663,1890.3529411764705
664,1891.5294117647059
665,1894.4117647058824
666,1891.2941176470588
667,1881.9411764705883
668,1866.8235294117646
669,1846.4117647058824
670,1823.0
671,1795.764705882353
672,1770.7058823529412
673,1739.4705882352941
674,1711.5294117647059
675,1689.5882352941176
676,1674.8823529411766
677,1666.4117647058824
678,1666.5294117647059
679,1662.8823529411766
680,1656.6470588235295
681,1649.7058823529412
682,1639.5882352941176
683,1631.4117647058824
684,1625.7058823529412
685,1624.5294117647059
686,1630.4705882352941
687,1645.8823529411766
688,1670.9411764705883
689,1696.6470588235295
690,1732.5294117647059
691,1768.0588235294117
692,1798.5294117647059
693,1820.4117647058824
694,1830.3529411764705
695,1827.235294117647
696,1823.3529411764705
697,1818.764705882353
698,1814.2941176470588
699,1810.5294117647059
700,1806.4705882352941
701,1812.8235294117646
702,1823.764705882353
703,1837.8823529411766
704,1853.235294117647
705,1867.764705882353
706,1879.4117647058824
707,1888.5294117647059
708,1895.4117647058824
709,1899.9411764705883
710,1902.5294117647059
711,1906.8235294117646
712,1913.1176470588234
713,1920.9411764705883
714,1931.235294117647
715,1944.3529411764705
716,1958.8823529411766
717,1974.1176470588234
718,1979.5294117647059
719,1979.764705882353
720,1974.235294117647
721,1961.8235294117646
722,1943.0
723,1918.235294117647
724,1910.8235294117646
725,1901.9411764705883
726,1893.2941176470588
727,1884.4705882352941
728,1876.7058823529412
729,1868.6470588235295
730,1860.1176470588234
731,1848.9411764705883
732,1834.2941176470588
733,1815.7058823529412
734,1796.5882352941176
735,1779.3529411764705
736,1765.764705882353
737,1757.2941176470588
738,1754.5294117647059
739,1756.0
740,1760.9411764705883
741,1744.0588235294117
742,1725.2941176470588
743,1706.0588235294117
744,1690.1176470588234
745,1676.4705882352941
746,1664.8823529411766
747,1656.2941176470588
748,1642.764705882353
749,1632.5882352941176
750,1629.4705882352941
751,1629.7058823529412
752,1632.0
753,1635.5882352941176
754,1640.4117647058824
755,1647.5294117647059
756,1658.3529411764705
757,1674.764705882353
758,1696.4117647058824
759,1722.6470588235295
760,1750.4117647058824
761,1776.4705882352941
762,1799.0
763,1817.5294117647059
764,1834.9411764705883
765,1858.764705882353
766,1881.5882352941176
767,1901.764705882353
768,1919.6470588235295
769,1933.7058823529412
770,1944.6470588235295
771,1965.8823529411766
772,1982.9411764705883
773,1994.7058823529412
774,2001.2941176470588
775,2005.235294117647
776,2006.4705882352941
777,2005.4705882352941
778,2005.1764705882354
779,2004.7058823529412
780,2007.1764705882354
781,2009.5294117647059
782,2014.1176470588234
783,2020.8823529411766
784,2028.8235294117646
785,2037.0
786,2045.0
787,2050.1176470588234
788,2038.9411764705883
789,2026.1764705882354
790,2014.8235294117646
791,2006.1764705882354
792,2000.8823529411766
793,1999.1176470588234
794,1997.0
795,1993.4117647058824
796,1989.2941176470588
797,1983.4117647058824
798,1975.5294117647059
799,1964.3529411764705
800,1948.4117647058824
801,1929.9411764705883
802,1905.1764705882354
803,1878.764705882353
804,1853.2941176470588
805,1829.6470588235295
806,1809.8823529411766
807,1792.235294117647
808,1776.0588235294117
809,1760.1764705882354
810,1746.3529411764705
811,1739.1176470588234
812,1736.3529411764705
813,1736.235294117647
814,1737.1764705882354
815,1737.8823529411766
816,1738.764705882353
817,1746.8235294117646
818,1757.6470588235295
819,1775.5294117647059
820,1795.7058823529412
821,1816.1176470588234
822,1835.1176470588234
823,1850.9411764705883
824,1862.8823529411766
825,1870.5294117647059
826,1872.764705882353
827,1868.2941176470588
828,1855.764705882353
829,1836.1176470588234
830,1813.235294117647
831,1790.235294117647
832,1769.8823529411766
833,1754.6470588235295
834,1739.7058823529412
835,1727.6470588235295
836,1718.3529411764705
837,1712.1176470588234
838,1708.2941176470588
839,1704.3529411764705
840,1699.8823529411766
841,1712.6470588235295
842,1727.1764705882354
843,1745.235294117647
844,1763.2941176470588
845,1782.0588235294117
846,1800.1176470588234
847,1814.6470588235295
848,1824.7058823529412
849,1830.9411764705883
850,1832.4705882352941
851,1831.0
852,1824.9411764705883
853,1815.1176470588234
854,1801.4117647058824
855,1784.5294117647059
856,1767.9411764705883
857,1753.764705882353
858,1728.0588235294117
859,1707.235294117647
860,1690.9411764705883
861,1683.0
862,1682.5882352941176
863,1689.235294117647
864,1665.764705882353
865,1645.9411764705883
866,1628.8823529411766
867,1616.0588235294117
868,1607.7058823529412
869,1606.2941176470588
870,1612.235294117647
871,1625.9411764705883
872,1646.764705882353
873,1671.764705882353
874,1696.0
875,1715.4117647058824
876,1728.4117647058824
877,1734.2941176470588
878,1732.8235294117646
879,1724.8823529411766
880,1712.0588235294117
881,1733.5294117647059
882,1755.4117647058824
883,1777.764705882353
884,1799.4705882352941
885,1818.0588235294117
886,1832.8235294117646
887,1847.5882352941176
888,1858.0588235294117
889,1864.5294117647059
890,1868.0
891,1870.1764705882354
892,1871.1176470588234
893,1870.4705882352941
894,1866.8823529411766
895,1860.5294117647059
896,1851.9411764705883
897,1841.4705882352941
898,1829.4705882352941
899,1817.4705882352941
900,1807.4117647058824
901,1797.5882352941176
902,1787.9411764705883
903,1778.1764705882354
904,1763.235294117647
905,1746.4705882352941
906,1727.9411764705883
907,1707.0
908,1683.0
909,1657.5294117647059
910,1631.8823529411766
911,1637.1764705882354
912,1646.4117647058824
913,1658.1764705882354
914,1672.0
915,1688.764705882353
916,1706.1764705882354
917,1721.7058823529412
918,1735.4705882352941
919,1747.1176470588234
920,1755.6470588235295
921,1761.3529411764705
922,1764.5294117647059
923,1765.4705882352941
924,1767.3529411764705
925,1770.5882352941176
926,1774.9411764705883
927,1779.0
928,1756.1764705882354
929,1735.0
930,1719.1176470588234
931,1710.7058823529412
932,1708.9411764705883
933,1710.764705882353
934,1702.5294117647059
935,1699.1176470588234
936,1701.9411764705883
937,1710.1764705882354
938,1722.235294117647
939,1736.0
940,1749.7058823529412
941,1759.2941176470588
942,1764.9411764705883
943,1768.1176470588234
944,1772.235294117647
945,1777.0
946,1781.235294117647
947,1782.235294117647
948,1780.3529411764705
949,1773.1764705882354
950,1764.8823529411766
951,1769.1176470588234
952,1771.7058823529412
953,1771.5882352941176
954,1770.4117647058824
955,1769.4117647058824
956,1771.2941176470588
957,1776.0
958,1785.1764705882354
959,1799.1176470588234
960,1814.8235294117646
961,1829.1764705882354
962,1839.1176470588234
963,1845.1764705882354
964,1848.9411764705883
965,1850.1764705882354
966,1850.2941176470588
967,1850.7058823529412
968,1851.8235294117646
969,1853.1176470588234
970,1854.764705882353
971,1856.2941176470588
972,1857.5882352941176
973,1858.9411764705883
974,1861.235294117647
975,1864.8823529411766
976,1869.4705882352941
977,1874.764705882353
978,1879.4117647058824
979,1883.4705882352941
980,1885.8235294117646
981,1891.5882352941176
982,1900.9411764705883
983,1913.9411764705883
984,1928.7058823529412
985,1944.0
986,1958.5294117647059
987,1970.8235294117646
988,1979.8823529411766
989,1985.0588235294117
990,1984.7058823529412
991,1980.5882352941176
992,1972.5294117647059
993,1960.6470588235295
994,1947.9411764705883
995,1937.3529411764705
996,1930.4705882352941
997,1927.764705882353
998,1923.235294117647
999,1915.235294117647
1000,1904.9411764705883
1001,1890.9411764705883
1002,1873.2941176470588
1003,1852.4117647058824
1004,1855.2941176470588
1005,1862.0588235294117
1006,1871.0588235294117
1007,1883.1764705882354
1008,1896.5294117647059
1009,1910.0
1010,1924.0588235294117
1011,1938.0
1012,1949.2941176470588
1013,1957.0
1014,1959.2941176470588
1015,1955.8235294117646
1016,1945.8235294117646
1017,1930.5882352941176
1018,1912.5294117647059
1019,1900.235294117647
1020,1894.0
1021,1868.8823529411766
1022,1845.0588235294117
1023,1825.8235294117646
1024,1808.5882352941176
1025,1795.5882352941176
1026,1787.1764705882354
1027,1785.235294117647
1028,1784.1176470588234
1029,1788.1176470588234
1030,1799.1764705882354
1031,1818.8823529411766
1032,1847.1764705882354
1033,1883.1764705882354
1034,1924.3529411764705
1035,1967.0
1036,2002.4117647058824
1037,2029.764705882353
1038,2048.8823529411766
1039,2060.3529411764707
1040,2063.764705882353
1041,2062.235294117647
1042,2052.529411764706
1043,2037.1764705882354
1044,2015.4117647058824
1045,1993.6470588235295
1046,1971.1176470588234
1047,1946.9411764705883
1048,1920.235294117647
1049,1890.2941176470588
1050,1883.8823529411766
1051,1875.235294117647
1052,1866.0
1053,1857.5294117647059
1054,1850.7058823529412
1055,1844.1176470588234
1056,1837.2941176470588
1057,1832.5882352941176
1058,1831.0
1059,1835.7058823529412
1060,1845.8235294117646
1061,1860.764705882353
1062,1878.1176470588234
1063,1895.1764705882354
1064,1909.764705882353
1065,1921.1176470588234
1066,1930.6470588235295
1067,1913.4117647058824
1068,1896.4705882352941
1069,1881.5294117647059
1070,1868.235294117647
1071,1856.0
1072,1845.6470588235295
1073,1848.5294117647059
1074,1857.7058823529412
1075,1870.5882352941176
1076,1886.764705882353
1077,1900.5882352941176
1078,1912.235294117647
1079,1922.4705882352941
1080,1931.4117647058824
1081,1941.4705882352941
1082,1950.8823529411766
1083,1960.3529411764705
1084,1969.8823529411766
1085,1979.1764705882354
1086,1988.764705882353
1087,1999.9411764705883
1088,2013.0588235294117
1089,2027.8823529411766
1090,2032.3529411764705
1091,2030.1764705882354
1092,2020.3529411764705
1093,2003.5294117647059
1094,1985.8235294117646
1095,1967.9411764705883
1096,1950.6470588235295
1097,1925.4705882352941
1098,1905.1176470588234
1099,1893.764705882353
1100,1890.6470588235295
1101,1894.2941176470588
1102,1903.0588235294117
1103,1911.764705882353
1104,1914.8235294117646
1105,1914.1176470588234
1106,1906.5882352941176
1107,1892.7058823529412
1108,1874.8823529411766
1109,1857.5882352941176
1110,1840.8235294117646
1111,1826.235294117647
1112,1813.8235294117646
1113,1804.0
1114,1807.6470588235295
1115,1810.7058823529412
1116,1810.9411764705883
1117,1805.7058823529412
1118,1795.4705882352941
1119,1782.4117647058824
1120,1773.0
1121,1765.235294117647
1122,1756.8823529411766
1123,1751.1176470588234
1124,1749.5294117647059
1125,1751.7058823529412
1126,1755.9411764705883
1127,1761.4117647058824
1128,1766.0588235294117
1129,1770.8823529411766
1130,1775.4117647058824
1131,1777.0588235294117
1132,1776.2941176470588
1133,1774.1176470588234
1134,1773.5882352941176
1135,1775.4117647058824
1136,1778.1176470588234
1137,1777.764705882353
1138,1778.7058823529412
1139,1779.4117647058824
1140,1778.5882352941176
1141,1776.764705882353
1142,1775.764705882353
1143,1784.1176470588234
1144,1789.8823529411766
1145,1793.8823529411766
1146,1794.7058823529412
1147,1792.9411764705883
1148,1790.8235294117646
1149,1788.7058823529412
1150,1786.4705882352941
1151,1782.4117647058824
1152,1777.3529411764705
1153,1771.7058823529412
1154,1767.764705882353
1155,1766.4117647058824
1156,1770.764705882353
1157,1781.9411764705883
1158,1797.5294117647059
1159,1813.235294117647
1160,1819.4117647058824
1161,1827.8823529411766
1162,1836.4117647058824
1163,1844.235294117647
1164,1849.4705882352941
1165,1851.0588235294117
1166,1849.1764705882354
1167,1855.235294117647
1168,1861.9411764705883
1169,1868.2941176470588
1170,1872.8235294117646
1171,1874.8235294117646
1172,1874.8823529411766
1173,1872.6470588235295
1174,1868.5882352941176
1175,1862.764705882353
1176,1856.764705882353
1177,1851.4117647058824
1178,1846.5882352941176
1179,1842.7058823529412
1180,1839.6470588235295
1181,1839.1764705882354
1182,1841.3529411764705
1183,1845.5294117647059
1184,1841.8235294117646
1185,1838.5294117647059
1186,1835.9411764705883
1187,1834.0588235294117
1188,1832.8235294117646
1189,1831.8823529411766
1190,1831.2941176470588
1191,1825.7058823529412
1192,1816.8235294117646
1193,1806.1764705882354
1194,1794.4705882352941
1195,1781.7058823529412
1196,1768.5882352941176
1197,1753.5882352941176
1198,1736.8235294117646
1199,1720.235294117647
1200,1706.3529411764705
1201,1695.9411764705883
1202,1688.4705882352941
1203,1683.7058823529412
1204,1678.5882352941176
1205,1670.764705882353
1206,1659.2941176470588
1207,1643.5294117647059
1208,1630.3529411764705
1209,1622.235294117647
1210,1620.0588235294117
1211,1624.5882352941176
1212,1635.5294117647059
1213,1655.2941176470588
1214,1681.3529411764705
1215,1710.235294117647
1216,1739.4705882352941
1217,1764.235294117647
1218,1782.1764705882354
1219,1794.0588235294117
1220,1801.5294117647059
1221,1810.1764705882354
1222,1822.6470588235295
1223,1839.5882352941176
1224,1860.2941176470588
1225,1881.1176470588234
1226,1896.3529411764705
1227,1903.1176470588234
1228,1902.1764705882354
1229,1896.5882352941176
1230,1885.1764705882354
1231,1873.0588235294117
1232,1862.4705882352941
1233,1854.1176470588234
1234,1850.0588235294117
1235,1849.9411764705883
1236,1836.9411764705883
1237,1822.8235294117646
1238,1805.4705882352941
1239,1785.764705882353
1240,1764.1764705882354
1241,1741.9411764705883
1242,1719.5882352941176
1243,1700.1176470588234
1244,1683.8823529411766
1245,1670.3529411764705
1246,1658.764705882353
1247,1651.2941176470588
1248,1647.4117647058824
1249,1646.764705882353
1250,1647.7058823529412
1251,1649.3529411764705
1252,1650.9411764705883
1253,1667.5294117647059
1254,1684.764705882353
1255,1704.8235294117646
1256,1726.5882352941176
1257,1750.9411764705883
1258,1776.3529411764705
1259,1803.0588235294117
1260,1831.0
1261,1862.8235294117646
1262,1895.7058823529412
1263,1926.7058823529412
1264,1951.8235294117646
1265,1969.5882352941176
1266,1980.764705882353
1267,1988.3529411764705
1268,1994.0
1269,1999.764705882353
1270,2003.1176470588234
1271,2005.5882352941176
1272,2005.0588235294117
1273,2000.0
1274,1988.8235294117646
1275,1973.1176470588234
1276,1954.4117647058824
1277,1933.8235294117646
1278,1910.5294117647059
1279,1884.8823529411766
1280,1862.6470588235295
1281,1842.3529411764705
1282,1824.8235294117646
1283,1813.3529411764705
1284,1800.8823529411766
1285,1787.7058823529412
1286,1772.8823529411766
1287,1761.7058823529412
1288,1753.7058823529412
1289,1749.5294117647059
1290,1751.0
1291,1759.0588235294117
1292,1772.3529411764705
1293,1789.1764705882354
1294,1808.8823529411766
1295,1828.6470588235295
1296,1849.0588235294117
1297,1864.9411764705883
1298,1877.4705882352941
1299,1886.5294117647059
1300,1888.764705882353
1301,1889.764705882353
1302,1888.5294117647059
1303,1885.0588235294117
1304,1879.2941176470588
1305,1871.6470588235295
1306,1858.2941176470588
1307,1843.0588235294117
1308,1826.0
1309,1809.1176470588234
1310,1794.1764705882354
1311,1781.1764705882354
1312,1770.9411764705883
1313,1763.5882352941176
1314,1759.764705882353
1315,1760.3529411764705
1316,1767.0
1317,1777.9411764705883
1318,1791.8235294117646
1319,1807.0
1320,1821.764705882353
1321,1833.4117647058824
1322,1841.4117647058824
1323,1849.6470588235295
1324,1855.5882352941176
1325,1860.4117647058824
1326,1863.1176470588234
1327,1863.5882352941176
1328,1861.9411764705883
1329,1871.6470588235295
1330,1883.764705882353
1331,1897.1764705882354
1332,1909.2941176470588
1333,1918.1764705882354
1334,1924.9411764705883
1335,1931.0
1336,1936.8235294117646
1337,1943.7058823529412
1338,1949.4117647058824
1339,1957.8823529411766
1340,1967.6470588235295
1341,1974.7058823529412
1342,1978.0588235294117
1343,1979.235294117647
1344,1980.0
1345,1979.5882352941176
1346,1965.1176470588234
1347,1946.4117647058824
1348,1923.1176470588234
1349,1896.235294117647
1350,1867.2941176470588
1351,1837.1176470588234
1352,1806.9411764705883
1353,1783.5882352941176
1354,1759.3529411764705
1355,1740.2941176470588
1356,1723.8823529411766
1357,1712.5882352941176
1358,1708.0588235294117
1359,1708.8823529411766
1360,1708.7058823529412
1361,1703.1176470588234
1362,1693.4705882352941
1363,1683.0588235294117
1364,1673.4117647058824
1365,1666.7058823529412
1366,1664.8823529411766
1367,1666.4117647058824
1368,1669.3529411764705
1369,1672.0588235294117
1370,1668.7058823529412
1371,1669.1176470588234
1372,1672.8823529411766
1373,1680.1176470588234
1374,1690.2941176470588
1375,1703.8235294117646
1376,1708.0
1377,1712.2941176470588
1378,1719.5294117647059
1379,1729.235294117647
1380,1738.6470588235295
1381,1747.6470588235295
1382,1757.1176470588234
1383,1767.6470588235295
1384,1780.3529411764705
1385,1796.5882352941176
1386,1816.7058823529412
1387,1840.8235294117646
1388,1865.6470588235295
1389,1887.764705882353
1390,1904.8235294117646
1391,1916.0588235294117
1392,1921.4705882352941
1393,1934.2941176470588
1394,1949.7058823529412
1395,1966.0588235294117
1396,1981.235294117647
1397,1994.5882352941176
1398,2004.6470588235295
1399,2042.8235294117646
1400,2074.5882352941176
1401,2098.5882352941176
1402,2114.1176470588234
1403,2120.5882352941176
1404,2116.5882352941176
1405,2104.823529411765
1406,2086.9411764705883
1407,2064.294117647059
1408,2038.3529411764705
1409,2011.0588235294117
1410,1984.5882352941176
1411,1960.235294117647
1412,1939.235294117647
1413,1924.0588235294117
1414,1914.8235294117646
1415,1910.8823529411766
1416,1878.0
1417,1848.2941176470588
1418,1822.1764705882354
1419,1800.0
1420,1781.235294117647
1421,1767.3529411764705
1422,1758.0
1423,1735.8823529411766
1424,1726.4117647058824
1425,1728.4117647058824
1426,1740.0588235294117
1427,1758.1176470588234
1428,1779.0588235294117
1429,1802.9411764705883
1430,1826.1176470588234
1431,1848.235294117647
1432,1867.764705882353
1433,1884.4117647058824
1434,1898.1764705882354
1435,1908.1764705882354
1436,1914.0
1437,1918.1176470588234
1438,1921.5882352941176
1439,1924.6470588235295
1440,1944.235294117647
1441,1955.235294117647
1442,1958.5294117647059
1443,1953.1176470588234
1444,1940.2941176470588
1445,1923.1176470588234
1446,1901.3529411764705
1447,1875.0
1448,1845.2941176470588
1449,1817.5882352941176
1450,1795.1176470588234
1451,1781.2941176470588
1452,1776.764705882353
1453,1781.4117647058824
1454,1790.9411764705883
1455,1801.0
1456,1809.1176470588234
1457,1814.764705882353
1458,1817.0
1459,1815.764705882353
1460,1812.3529411764705
1461,1807.5882352941176
1462,1802.1176470588234
1463,1794.4705882352941
1464,1787.4705882352941
1465,1780.5294117647059
1466,1771.3529411764705
1467,1758.7058823529412
1468,1740.8235294117646
1469,1726.0588235294117
1470,1707.764705882353
1471,1688.2941176470588
1472,1670.3529411764705
1473,1656.1176470588234
1474,1644.6470588235295
1475,1634.6470588235295
1476,1624.7058823529412
1477,1616.5882352941176
1478,1608.4705882352941
1479,1604.9411764705883
1480,1607.2941176470588
1481,1615.1764705882354
1482,1630.0588235294117
1483,1643.0
1484,1652.8823529411766
1485,1660.0
1486,1656.764705882353
1487,1651.1764705882354
1488,1644.1764705882354
1489,1637.2941176470588
1490,1629.235294117647
1491,1622.0
1492,1601.0588235294117
1493,1588.4705882352941
1494,1577.1764705882354
1495,1569.764705882353
1496,1561.3529411764705
1497,1552.5882352941176
1498,1543.5882352941176
1499,1531.4117647058824
1500,1523.235294117647
1501,1517.5294117647059
1502,1510.0
1503,1498.0
1504,1482.1176470588234
1505,1463.6470588235295
1506,1442.3529411764705
1507,1420.5882352941176
1508,1399.3529411764705
1509,1393.8823529411766
1510,1380.764705882353
1511,1362.5882352941176
1512,1336.5294117647059
1513,1302.235294117647
1514,1259.5882352941176
1515,1209.3529411764705
1516,1154.6470588235295
1517,1129.6470588235295
1518,1110.1176470588234
1519,1100.7058823529412
1520,1102.2941176470588
1521,1111.5882352941176
1522,1123.764705882353
1523,1138.6470588235295
1524,1154.6470588235295
1525,1169.235294117647
1526,1182.7058823529412
1527,1198.0588235294117
1528,1218.5882352941176
1529,1244.4705882352941
1530,1274.0588235294117
1531,1309.1176470588234
1532,1351.9411764705883
1533,1400.8235294117646
1534,1423.6470588235295
1535,1446.2941176470588
1536,1467.0588235294117
1537,1482.7058823529412
1538,1493.3529411764705
1539,1501.8235294117646
1540,1507.1764705882354
1541,1509.0
1542,1507.3529411764705
1543,1504.235294117647
1544,1499.3529411764705
1545,1493.8823529411766
1546,1490.2941176470588
1547,1491.0
1548,1492.5882352941176
1549,1490.5294117647059
1550,1482.6470588235295
1551,1469.1764705882354
1552,1452.6470588235295
1553,1435.0
1554,1421.4117647058824
1555,1414.4705882352941
1556,1413.6470588235295
1557,1416.8235294117646
1558,1421.5294117647059
1559,1430.0
1560,1442.8823529411766
1561,1460.7058823529412
1562,1482.4705882352941
1563,1522.2941176470588
1564,1557.3529411764705
1565,1588.5882352941176
1566,1616.8823529411766
1567,1644.3529411764705
1568,1666.5882352941176
1569,1680.5882352941176
1570,1686.235294117647
1571,1687.5294117647059
1572,1686.5882352941176
1573,1686.8235294117646
1574,1691.4117647058824
1575,1704.235294117647
1576,1721.764705882353
1577,1738.6470588235295
1578,1750.8823529411766
1579,1759.235294117647
1580,1748.5882352941176
1581,1740.0588235294117
1582,1735.1176470588234
1583,1733.7058823529412
1584,1735.235294117647
1585,1738.7058823529412
1586,1743.235294117647
1587,1768.764705882353
1588,1797.9411764705883
1589,1826.1764705882354
1590,1850.3529411764705
1591,1870.1764705882354
1592,1884.764705882353
1593,1897.1176470588234
1594,1909.9411764705883
1595,1925.8823529411766
1596,1940.7058823529412
1597,1951.3529411764705
1598,1957.1176470588234
1599,1957.235294117647
1600,1954.5294117647059
1601,1951.1176470588234
1602,1952.0
1603,1961.1764705882354
1604,1957.0588235294117
1605,1951.0
1606,1943.5294117647059
1607,1936.5294117647059
1608,1931.2941176470588
1609,1929.3529411764705
1610,1924.6470588235295
1611,1917.7058823529412
1612,1911.1764705882354
1613,1905.235294117647
1614,1904.5882352941176
1615,1910.764705882353
1616,1919.5882352941176
1617,1926.8823529411766
1618,1931.5882352941176
1619,1934.4117647058824
1620,1935.0588235294117
1621,1934.4117647058824
1622,1934.8823529411766
1623,1938.6470588235295
1624,1942.3529411764705
1625,1941.1764705882354
1626,1931.2941176470588
1627,1919.4705882352941
1628,1907.235294117647
1629,1892.1764705882354
1630,1877.3529411764705
1631,1860.4117647058824
1632,1840.1176470588234
1633,1842.1176470588234
1634,1850.5294117647059
1635,1862.3529411764705
1636,1873.0588235294117
1637,1882.1764705882354
1638,1891.2941176470588
1639,1900.5882352941176
1640,1909.235294117647
1641,1917.9411764705883
1642,1929.235294117647
1643,1941.3529411764705
1644,1950.7058823529412
1645,1955.4117647058824
1646,1956.9411764705883
1647,1958.3529411764705
1648,1962.2941176470588
1649,1973.4705882352941
1650,1971.1176470588234
1651,1972.0588235294117
1652,1975.1764705882354
1653,1980.5294117647059
1654,1987.4117647058824
1655,1993.7058823529412
1656,1998.4117647058824
1657,2001.1176470588234
1658,2005.8235294117646
1659,2012.4705882352941
1660,2023.4117647058824
1661,2040.9411764705883
1662,2063.764705882353
1663,2086.6470588235293
1664,2102.1176470588234
1665,2110.5882352941176
1666,2109.9411764705883
1667,2100.764705882353
1668,2084.176470588235
1669,2064.294117647059
1670,2044.4117647058824
1671,2022.1764705882354
1672,1998.2941176470588
1673,1973.5882352941176
1674,1950.9411764705883
1675,1929.235294117647
1676,1909.7058823529412
1677,1893.0
1678,1878.8235294117646
1679,1867.2941176470588
1680,1853.4705882352941
1681,1849.5294117647059
1682,1852.1176470588234
1683,1856.6470588235295
1684,1860.9411764705883
1685,1865.2941176470588
1686,1870.235294117647
1687,1875.5294117647059
1688,1883.764705882353
1689,1895.1764705882354
1690,1907.235294117647
1691,1914.0
1692,1912.4705882352941
1693,1903.5882352941176
1694,1891.4705882352941
1695,1878.235294117647
1696,1867.5294117647059
1697,1868.5294117647059
1698,1873.7058823529412
1699,1880.8823529411766
1700,1889.9411764705883
1701,1899.5294117647059
1702,1910.8235294117646
1703,1934.8823529411766
1704,1960.6470588235295
1705,1981.5294117647059
1706,2000.5882352941176
1707,2021.5882352941176
1708,2047.5882352941176
1709,2079.6470588235293
1710,2115.0588235294117
1711,2146.8823529411766
1712,2173.294117647059
1713,2192.823529411765
1714,2206.0
1715,2211.705882352941
1716,2214.6470588235293
1717,2215.6470588235293
1718,2217.8823529411766
1719,2215.0588235294117
1720,2194.470588235294
1721,2166.8823529411766
1722,2139.764705882353
1723,2111.4117647058824
1724,2081.0
1725,2048.235294117647
1726,2016.1176470588234
1727,1985.235294117647
1728,1959.235294117647
1729,1938.5294117647059
1730,1920.2941176470588
1731,1902.1764705882354
1732,1882.0
1733,1861.0
1734,1844.0
1735,1830.8823529411766
1736,1827.0
1737,1832.9411764705883
1738,1847.3529411764705
1739,1864.4117647058824
1740,1880.3529411764705
1741,1894.2941176470588
1742,1908.2941176470588
1743,1919.8235294117646
1744,1929.2941176470588
1745,1936.0
1746,1939.8823529411766
1747,1940.6470588235295
1748,1935.9411764705883
1749,1928.2941176470588
1750,1939.764705882353
1751,1948.235294117647
1752,1952.4705882352941
1753,1951.8235294117646
1754,1946.6470588235295
1755,1937.1176470588234
1756,1927.6470588235295
1757,1920.7058823529412
1758,1913.7058823529412
1759,1903.5882352941176
1760,1888.8823529411766
1761,1870.6470588235295
1762,1851.3529411764705
1763,1831.6470588235295
1764,1815.6470588235295
1765,1808.2941176470588
1766,1810.5294117647059
1767,1795.235294117647
1768,1781.1176470588234
1769,1769.8823529411766
1770,1762.1764705882354
1771,1756.8823529411766
1772,1755.1176470588234
1773,1756.0588235294117
1774,1759.4117647058824
1775,1768.5882352941176
1776,1784.7058823529412
1777,1806.0588235294117
1778,1828.5882352941176
1779,1850.1764705882354
1780,1870.8235294117646
1781,1889.5882352941176
1782,1905.0
1783,1916.764705882353
1784,1928.1176470588234
1785,1939.4705882352941
1786,1947.6470588235295
1787,1950.7058823529412
1788,1950.8235294117646
1789,1949.764705882353
1790,1948.8823529411766
1791,1947.5882352941176
1792,1945.1764705882354
1793,1942.1176470588234
1794,1938.6470588235295
1795,1935.8235294117646
1796,1927.3529411764705
1797,1919.4705882352941
1798,1908.5882352941176
1799,1894.9411764705883
1800,1880.5294117647059
1801,1866.8823529411766
1802,1855.0
1803,1848.0
1804,1847.5294117647059
1805,1850.7058823529412
1806,1851.7058823529412
1807,1848.4705882352941
1808,1841.4705882352941
1809,1831.5882352941176
1810,1817.6470588235295
1811,1803.7058823529412
1812,1792.0588235294117
1813,1789.0588235294117
1814,1785.7058823529412
1815,1783.1176470588234
1816,1783.5882352941176
1817,1786.3529411764705
1818,1789.8235294117646
1819,1814.0588235294117
1820,1828.2941176470588
1821,1835.235294117647
1822,1839.7058823529412
1823,1848.235294117647
1824,1862.5294117647059
1825,1879.1176470588234
1826,1891.7058823529412
1827,1900.8823529411766
1828,1905.4117647058824
1829,1907.5294117647059
1830,1909.5294117647059
1831,1915.4117647058824
1832,1927.6470588235295
1833,1939.764705882353
1834,1948.9411764705883
1835,1954.6470588235295
1836,1938.764705882353
1837,1933.1176470588234
1838,1935.7058823529412
1839,1943.6470588235295
1840,1954.8823529411766
1841,1965.8823529411766
1842,1975.4705882352941
1843,1948.8823529411766
1844,1926.5294117647059
1845,1908.6470588235295
1846,1892.764705882353
1847,1880.7058823529412
1848,1871.8823529411766
1849,1866.764705882353
1850,1867.1764705882354
1851,1872.5882352941176
1852,1882.0
1853,1889.235294117647
1854,1886.8235294117646
1855,1873.5882352941176
1856,1851.6470588235295
1857,1823.6470588235295
1858,1792.8823529411766
1859,1765.4117647058824
1860,1782.2941176470588
1861,1801.9411764705883
1862,1822.0
1863,1840.4705882352941
1864,1854.8823529411766
1865,1864.235294117647
1866,1843.764705882353
1867,1816.6470588235295
1868,1786.1176470588234
1869,1754.0588235294117
1870,1723.764705882353
1871,1700.3529411764705
1872,1682.0
1873,1661.0
1874,1633.1764705882354
1875,1602.0588235294117
1876,1570.6470588235295
1877,1540.5294117647059
1878,1516.5882352941176
1879,1501.4117647058824
1880,1496.1764705882354
1881,1495.8235294117646
1882,1495.764705882353
1883,1516.8235294117646
1884,1537.8823529411766
1885,1559.1764705882354
1886,1579.5882352941176
1887,1600.2941176470588
1888,1621.3529411764705
1889,1649.8823529411766
1890,1687.8235294117646
1891,1733.9411764705883
1892,1779.1764705882354
1893,1817.2941176470588
1894,1845.0
1895,1861.6470588235295
1896,1869.2941176470588
1897,1868.8823529411766
1898,1866.235294117647
1899,1866.6470588235295
1900,1870.235294117647
1901,1876.1176470588234
1902,1882.0
1903,1889.7058823529412
1904,1898.1176470588234
1905,1905.4117647058824
1906,1906.3529411764705
1907,1903.2941176470588
1908,1897.8235294117646
1909,1892.2941176470588
1910,1887.4705882352941
1911,1886.1176470588234
1912,1887.5294117647059
1913,1889.4705882352941
1914,1890.5882352941176
1915,1889.235294117647
1916,1885.4705882352941
1917,1880.8235294117646
1918,1876.8823529411766
1919,1872.2941176470588
1920,1863.2941176470588
1921,1849.4705882352941
1922,1834.1176470588234
1923,1819.1176470588234
1924,1807.4705882352941
1925,1799.2941176470588
1926,1798.235294117647
1927,1805.764705882353
1928,1812.9411764705883
1929,1818.5882352941176
1930,1822.3529411764705
1931,1826.9411764705883
1932,1831.8235294117646
1933,1835.8823529411766
1934,1840.1176470588234
1935,1845.0
1936,1825.6470588235295
1937,1818.764705882353
1938,1825.3529411764705
1939,1840.0
1940,1857.0
1941,1869.1176470588234
1942,1876.6470588235295
1943,1879.3529411764705
1944,1876.1176470588234
1945,1873.4705882352941
1946,1871.9411764705883
1947,1872.1764705882354
1948,1870.3529411764705
1949,1864.5882352941176
1950,1857.1764705882354
1951,1850.8235294117646
1952,1846.8823529411766
1953,1872.7058823529412
1954,1893.2941176470588
1955,1908.2941176470588
1956,1916.4117647058824
1957,1918.4117647058824
1958,1919.6470588235295
1959,1929.6470588235295
1960,1937.235294117647
1961,1942.0588235294117
1962,1948.6470588235295
1963,1958.0588235294117
1964,1971.5294117647059
1965,1990.6470588235295
1966,2017.5882352941176
1967,2047.0
1968,2072.4117647058824
1969,2089.3529411764707
1970,2096.705882352941
1971,2094.0
1972,2081.764705882353
1973,2066.705882352941
1974,2053.764705882353
1975,2043.235294117647
1976,2025.764705882353
1977,2011.9411764705883
1978,2004.3529411764705
1979,2001.3529411764705
1980,2001.7058823529412
1981,2004.1176470588234
1982,1984.9411764705883
1983,1962.1176470588234
1984,1939.5294117647059
1985,1920.8823529411766
1986,1907.8823529411766
1987,1898.4705882352941
1988,1889.764705882353
1989,1881.8235294117646
1990,1876.7058823529412
1991,1877.0
1992,1886.235294117647
1993,1905.8235294117646
1994,1936.0588235294117
1995,1970.5294117647059
1996,2000.5882352941176
1997,2020.9411764705883
1998,2030.4705882352941
1999,2053.4117647058824
2000,2072.5882352941176
2001,2087.294117647059
2002,2099.294117647059
2003,2110.0588235294117
2004,2119.176470588235
2005,2126.1176470588234
2006,2139.8823529411766
2007,2153.6470588235293
2008,2162.6470588235293
2009,2163.705882352941
2010,2156.294117647059
2011,2140.705882352941
2012,2120.1176470588234
2013,2098.176470588235
2014,2079.1176470588234
2015,2060.9411764705883
2016,2041.7058823529412
2017,2019.6470588235295
2018,1998.0
2019,1977.3529411764705
2020,1958.0588235294117
2021,1942.8235294117646
2022,1937.0588235294117
2023,1930.8823529411766
2024,1925.9411764705883
2025,1921.8235294117646
2026,1919.9411764705883
2027,1921.1764705882354
2028,1924.0
2029,1912.5294117647059
2030,1905.1176470588234
2031,1905.5294117647059
2032,1911.1176470588234
2033,1926.1764705882354
2034,1947.7058823529412
2035,1967.764705882353
2036,1980.3529411764705
2037,1984.3529411764705
2038,1980.8235294117646
2039,1971.2941176470588
2040,1958.3529411764705
2041,1949.4705882352941
2042,1944.9411764705883
2043,1941.2941176470588
2044,1937.235294117647
2045,1936.1176470588234
2046,1953.3529411764705
2047,1969.5882352941176
2048,1977.6470588235295
2049,1979.4117647058824
2050,1967.8235294117646
2051,1944.4117647058824
2052,1939.1176470588234
2053,1939.4705882352941
2054,1942.2941176470588
2055,1943.3529411764705
2056,1942.1176470588234
2057,1939.4117647058824
2058,1930.4705882352941
2059,1921.5294117647059
2060,1908.3529411764705
2061,1894.235294117647
2062,1873.6470588235295
2063,1845.5882352941176
2064,1813.4117647058824
2065,1783.4117647058824
2066,1760.6470588235295
2067,1748.5294117647059
2068,1750.5294117647059
2069,1740.4117647058824
2070,1734.2941176470588
2071,1731.8823529411766
2072,1733.8823529411766
2073,1740.8823529411766
2074,1754.0588235294117
2075,1755.9411764705883
2076,1749.3529411764705
2077,1739.8235294117646
2078,1723.4117647058824
2079,1704.9411764705883
2080,1689.5294117647059
2081,1681.9411764705883
2082,1677.9411764705883
2083,1673.0588235294117
2084,1668.9411764705883
2085,1664.4117647058824
2086,1659.0588235294117
2087,1650.235294117647
2088,1646.0
2089,1646.7058823529412
2090,1648.5882352941176
2091,1645.235294117647
2092,1653.1176470588234
2093,1667.8235294117646
2094,1690.1764705882354
2095,1721.3529411764705
2096,1758.9411764705883
2097,1799.4705882352941
2098,1835.5882352941176
2099,1849.4705882352941
2100,1865.0588235294117
2101,1880.8235294117646
2102,1893.8823529411766
2103,1903.3529411764705
2104,1911.764705882353
2105,1913.8235294117646
2106,1910.5882352941176
2107,1905.3529411764705
2108,1901.764705882353
2109,1900.1176470588234
2110,1893.6470588235295
2111,1880.8235294117646
2112,1860.9411764705883
2113,1836.0
2114,1807.764705882353
2115,1779.4117647058824
2116,1770.5882352941176
2117,1761.1176470588234
2118,1748.235294117647
2119,1732.1764705882354
2120,1716.0588235294117
2121,1700.764705882353
2122,1681.6470588235295
2123,1656.5882352941176
2124,1627.5882352941176
2125,1593.8823529411766
2126,1560.3529411764705
2127,1533.3529411764705
2128,1516.0
2129,1507.8235294117646
2130,1505.4705882352941
2131,1505.6470588235295
2132,1508.5294117647059
2133,1516.0
2134,1526.6470588235295
2135,1544.3529411764705
2136,1571.1176470588234
2137,1603.1176470588234
2138,1635.4117647058824
2139,1667.9411764705883
2140,1702.0588235294117
2141,1733.764705882353
2142,1764.0588235294117
2143,1788.4117647058824
2144,1804.8235294117646
2145,1855.1764705882354
2146,1895.1764705882354
2147,1926.235294117647
2148,1947.764705882353
2149,1955.235294117647
2150,1945.764705882353
2151,1923.5882352941176
2152,1891.8823529411766
2153,1853.8235294117646
2154,1814.4705882352941
2155,1780.4117647058824
2156,1755.9411764705883
2157,1739.9411764705883
2158,1730.235294117647
2159,1726.1176470588234
2160,1727.1764705882354
2161,1732.0588235294117
2162,1696.4705882352941
2163,1664.0
2164,1635.0
2165,1609.8823529411766
2166,1589.9411764705883
2167,1576.7058823529412
2168,1568.0
2169,1578.7058823529412
2170,1592.1764705882354
2171,1605.3529411764705
2172,1616.5882352941176
2173,1626.6470588235295
2174,1637.1764705882354
2175,1648.4705882352941
2176,1657.0
2177,1658.5882352941176
2178,1649.7058823529412
2179,1633.4705882352941
2180,1611.7058823529412
2181,1586.9411764705883
2182,1565.8823529411766
2183,1552.8235294117646
2184,1549.1764705882354
2185,1552.2941176470588
2186,1542.5882352941176
2187,1538.4705882352941
2188,1542.0588235294117
2189,1553.9411764705883
2190,1573.5882352941176
2191,1601.5882352941176
2192,1608.235294117647
2193,1617.1176470588234
2194,1631.764705882353
2195,1655.4117647058824
2196,1680.6470588235295
2197,1703.764705882353
2198,1722.5882352941176
2199,1735.4117647058824
2200,1743.4117647058824
2201,1746.1764705882354
2202,1744.9411764705883
2203,1743.0588235294117
2204,1734.8823529411766
2205,1717.1176470588234
2206,1685.4705882352941
2207,1642.1176470588234
2208,1588.8235294117646
2209,1559.5294117647059
2210,1534.5294117647059
2211,1515.5294117647059
2212,1502.4705882352941
2213,1494.764705882353
2214,1492.1176470588234
2215,1489.4117647058824
2216,1490.5294117647059
2217,1490.4117647058824
2218,1488.6470588235295
2219,1488.6470588235295
2220,1491.1176470588234
2221,1499.6470588235295
2222,1515.5294117647059
2223,1541.0
2224,1568.5882352941176
2225,1593.0588235294117
2226,1609.5294117647059
2227,1618.4705882352941
2228,1620.2941176470588
2229,1617.7058823529412
2230,1618.8235294117646
2231,1628.0
2232,1650.8235294117646
2233,1678.7058823529412
2234,1709.1764705882354
2235,1740.1176470588234
2236,1768.1764705882354
2237,1790.0588235294117
2238,1807.5882352941176
2239,1818.9411764705883
2240,1825.0
2241,1831.5882352941176
2242,1842.8823529411766
2243,1860.4705882352941
2244,1878.8235294117646
2245,1893.8823529411766
2246,1901.4117647058824
2247,1899.9411764705883
2248,1889.2941176470588
2249,1871.8235294117646
2250,1851.0588235294117
2251,1833.4117647058824
2252,1817.6470588235295
2253,1801.2941176470588
2254,1783.235294117647
2255,1761.5882352941176
2256,1738.9411764705883
2257,1716.9411764705883
2258,1696.8235294117646
2259,1679.0
2260,1664.1176470588234
2261,1651.9411764705883
2262,1645.764705882353
2263,1649.764705882353
2264,1660.4117647058824
2265,1673.8235294117646
2266,1687.4705882352941
2267,1701.9411764705883
2268,1715.235294117647
2269,1729.4705882352941
2270,1746.5882352941176
2271,1768.1764705882354
2272,1789.8823529411766
2273,1807.8823529411766
2274,1820.8823529411766
2275,1831.1176470588234
2276,1840.1176470588234
2277,1849.1176470588234
2278,1863.5882352941176
2279,1884.235294117647
2280,1901.5882352941176
2281,1912.5882352941176
2282,1917.9411764705883
2283,1919.5294117647059
2284,1918.0
2285,1922.8823529411766
2286,1924.5294117647059
2287,1924.4117647058824
2288,1924.235294117647
2289,1926.6470588235295
2290,1934.1764705882354
2291,1943.235294117647
2292,1947.0
2293,1944.235294117647
2294,1935.764705882353
2295,1921.0588235294117
2296,1899.235294117647
2297,1877.7058823529412
2298,1861.3529411764705
2299,1849.8823529411766
2300,1838.2941176470588
2301,1824.0588235294117
2302,1800.5294117647059
2303,1778.8235294117646
2304,1758.5882352941176
2305,1738.1764705882354
2306,1715.9411764705883
2307,1696.2941176470588
2308,1659.764705882353
2309,1630.8823529411766
2310,1608.764705882353
2311,1588.0588235294117
2312,1564.2941176470588
2313,1539.2941176470588
2314,1516.0
2315,1497.9411764705883
2316,1488.6470588235295
2317,1491.5294117647059
2318,1505.6470588235295
2319,1523.3529411764705
2320,1539.6470588235295
2321,1553.1176470588234
2322,1564.1764705882354
2323,1574.4705882352941
2324,1579.6470588235295
2325,1603.2941176470588
2326,1624.1176470588234
2327,1640.0
2328,1653.2941176470588
2329,1666.1764705882354
2330,1679.1176470588234
2331,1702.5294117647059
2332,1719.0588235294117
2333,1729.1176470588234
2334,1732.4705882352941
2335,1731.4117647058824
2336,1729.9411764705883
2337,1732.764705882353
2338,1738.8235294117646
2339,1743.5882352941176
2340,1741.764705882353
2341,1734.8235294117646
2342,1724.235294117647
2343,1713.4117647058824
2344,1707.0588235294117
2345,1708.3529411764705
2346,1720.764705882353
2347,1737.0
2348,1738.5882352941176
2349,1739.1176470588234
2350,1738.7058823529412
2351,1738.1176470588234
2352,1736.5294117647059
2353,1735.2941176470588
2354,1732.8235294117646
2355,1710.8823529411766
2356,1694.5882352941176
2357,1688.7058823529412
2358,1691.2941176470588
2359,1696.1176470588234
2360,1698.6470588235295
2361,1698.9411764705883
2362,1697.1176470588234
2363,1692.235294117647
2364,1689.4117647058824
2365,1693.3529411764705
2366,1702.0588235294117
2367,1707.7058823529412
2368,1705.1764705882354
2369,1695.0588235294117
2370,1677.4705882352941
2371,1656.6470588235295
2372,1654.5294117647059
2373,1653.6470588235295
2374,1655.4117647058824
2375,1659.235294117647
2376,1666.1176470588234
2377,1676.5882352941176
2378,1699.5882352941176
2379,1715.5882352941176
2380,1722.0
2381,1719.5294117647059
2382,1710.5882352941176
2383,1698.1764705882354
2384,1689.5294117647059
2385,1689.5294117647059
2386,1698.0
2387,1709.9411764705883
2388,1720.4117647058824
2389,1729.235294117647
2390,1734.8235294117646
2391,1737.4705882352941
2392,1739.0
2393,1742.5294117647059
2394,1748.0
2395,1740.235294117647
2396,1732.4705882352941
2397,1727.4117647058824
2398,1725.2941176470588
2399,1725.7058823529412
2400,1728.5294117647059
2401,1741.3529411764705
2402,1752.8823529411766
2403,1762.8235294117646
2404,1776.8235294117646
2405,1793.1176470588234
2406,1806.3529411764705
2407,1814.2941176470588
2408,1818.9411764705883
2409,1822.1176470588234
2410,1825.1176470588234
2411,1831.0588235294117
2412,1844.1176470588234
2413,1866.7058823529412
2414,1894.1176470588234
2415,1920.764705882353
2416,1945.8235294117646
2417,1968.235294117647
2418,1979.2941176470588
2419,1989.8235294117646
2420,1998.5294117647059
2421,2002.0588235294117
2422,1999.235294117647
2423,1991.7058823529412
2424,1982.1764705882354
2425,2005.2941176470588
2426,2019.2941176470588
2427,2024.3529411764705
2428,2021.9411764705883
2429,2013.8235294117646
2430,2002.3529411764705
2431,1991.6470588235295
2432,1984.0588235294117
2433,1976.0588235294117
2434,1963.0588235294117
2435,1942.9411764705883
2436,1919.0588235294117
2437,1894.3529411764705
2438,1873.1764705882354
2439,1859.9411764705883
2440,1857.4705882352941
2441,1862.9411764705883
2442,1835.3529411764705
2443,1812.8235294117646
2444,1798.7058823529412
2445,1793.0588235294117
2446,1794.9411764705883
2447,1804.764705882353
2448,1797.235294117647
2449,1784.3529411764705
2450,1766.9411764705883
2451,1750.0
2452,1734.8235294117646
2453,1717.5294117647059
2454,1696.6470588235295
2455,1676.3529411764705
2456,1665.0
2457,1666.8235294117646
2458,1685.2941176470588
2459,1721.9411764705883
2460,1777.764705882353
2461,1843.2941176470588
2462,1908.6470588235295
2463,1966.8823529411766
2464,2016.4705882352941
2465,2081.235294117647
2466,2147.823529411765
2467,2217.0588235294117
2468,2289.5882352941176
2469,2365.176470588235
2470,2440.764705882353
2471,2497.3529411764707
2472,2552.764705882353
2473,2594.764705882353
2474,2616.0588235294117
2475,2615.1176470588234
2476,2596.176470588235
2477,2563.705882352941
2478,2524.0
2479,2483.529411764706
2480,2449.1176470588234
2481,2417.0588235294117
2482,2383.8823529411766
2483,2350.823529411765
2484,2319.235294117647
2485,2289.0588235294117
2486,2260.1176470588234
2487,2234.705882352941
2488,2230.764705882353
2489,2222.705882352941
2490,2211.764705882353
2491,2198.235294117647
2492,2184.4117647058824
2493,2171.5882352941176
2494,2160.294117647059
2495,2143.3529411764707
2496,2122.8823529411766
2497,2099.176470588235
2498,2076.3529411764707
2499,2057.9411764705883
2500,2043.0
2501,2025.8823529411766
2502,2000.7058823529412
2503,1970.5882352941176
2504,1941.4117647058824
2505,1917.764705882353
2506,1903.0
2507,1900.1176470588234
2508,1912.3529411764705
2509,1931.1764705882354
2510,1948.4705882352941
2511,1960.5294117647059
2512,1973.0588235294117
2513,1984.6470588235295
2514,1994.5294117647059
2515,2001.2941176470588
2516,2005.235294117647
2517,2006.1176470588234
2518,1988.764705882353
2519,1982.0588235294117
2520,1982.764705882353
2521,1983.0588235294117
2522,1978.1176470588234
2523,1967.9411764705883
2524,1954.8235294117646
2525,1938.1176470588234
2526,1922.4117647058824
2527,1910.0588235294117
2528,1899.5294117647059
2529,1886.9411764705883
2530,1868.0
2531,1842.764705882353
2532,1816.7058823529412
2533,1793.1176470588234
2534,1776.1764705882354
2535,1786.8235294117646
2536,1802.3529411764705
2537,1820.4705882352941
2538,1840.235294117647
2539,1860.1764705882354
2540,1879.3529411764705
2541,1875.4117647058824
2542,1865.9411764705883
2543,1854.7058823529412
2544,1845.764705882353
2545,1840.9411764705883
2546,1844.2941176470588
2547,1857.0588235294117
2548,1874.0
2549,1888.764705882353
2550,1898.3529411764705
2551,1902.1176470588234
2552,1899.8235294117646
2553,1888.8823529411766
2554,1873.8235294117646
2555,1858.4117647058824
2556,1843.2941176470588
2557,1825.764705882353
2558,1827.2941176470588
2559,1832.0
2560,1838.8823529411766
2561,1845.9411764705883
2562,1852.2941176470588
2563,1856.3529411764705
2564,1844.7058823529412
2565,1836.4117647058824
2566,1832.6470588235295
2567,1831.2941176470588
2568,1825.6470588235295
2569,1812.8823529411766
2570,1797.0588235294117
2571,1780.6470588235295
2572,1767.5294117647059
2573,1761.4117647058824
2574,1765.5294117647059
2575,1777.4705882352941
2576,1790.2941176470588
2577,1800.4117647058824
2578,1807.5294117647059
2579,1813.1176470588234
2580,1818.0588235294117
2581,1836.764705882353
2582,1853.6470588235295
2583,1867.8235294117646
2584,1876.6470588235295
2585,1882.6470588235295
2586,1886.7058823529412
2587,1918.6470588235295
2588,1950.235294117647
2589,1976.5294117647059
2590,1997.0
2591,2009.7058823529412
2592,2015.3529411764705
2593,2018.1764705882354
2594,2020.2941176470588
2595,2021.1176470588234
2596,2017.5882352941176
2597,2007.4117647058824
2598,1994.1764705882354
2599,1980.0
2600,1968.5882352941176
2601,1965.1764705882354
2602,1973.7058823529412
2603,1995.0
2604,1992.0588235294117
2605,1986.4705882352941
2606,1980.5882352941176
2607,1975.0
2608,1969.8823529411766
2609,1963.9411764705883
2610,1956.5882352941176
2611,1934.4705882352941
2612,1918.5882352941176
2613,1911.7058823529412
2614,1915.1764705882354
2615,1923.1764705882354
2616,1931.1764705882354
2617,1934.3529411764705
2618,1932.8235294117646
2619,1925.2941176470588
2620,1911.1764705882354
2621,1895.7058823529412
2622,1884.0
2623,1874.5882352941176
2624,1863.4705882352941
2625,1850.3529411764705
2626,1838.8823529411766
2627,1831.5294117647059
2628,1842.5882352941176
2629,1851.4117647058824
2630,1857.7058823529412
2631,1861.1176470588234
2632,1859.9411764705883
2633,1855.2941176470588
2634,1859.0
2635,1866.5294117647059
2636,1874.3529411764705
2637,1882.5294117647059
2638,1891.7058823529412
2639,1900.8823529411766
2640,1910.3529411764705
2641,1923.235294117647
2642,1939.0
2643,1954.4117647058824
2644,1964.0588235294117
2645,1965.0
2646,1958.1176470588234
2647,1943.4117647058824
2648,1923.235294117647
2649,1903.6470588235295
2650,1888.1764705882354
2651,1867.5294117647059
2652,1843.0588235294117
2653,1816.9411764705883
2654,1790.764705882353
2655,1768.235294117647
2656,1750.5882352941176
2657,1743.5294117647059
2658,1736.8823529411766
2659,1732.0
2660,1728.764705882353
2661,1730.5882352941176
2662,1735.1176470588234
2663,1739.235294117647
2664,1741.235294117647
2665,1744.0588235294117
2666,1748.1176470588234
2667,1754.1176470588234
2668,1763.5294117647059
2669,1779.9411764705883
2670,1801.6470588235295
2671,1825.1764705882354
2672,1843.6470588235295
2673,1856.8235294117646
2674,1860.235294117647
2675,1863.6470588235295
2676,1865.9411764705883
2677,1868.6470588235295
2678,1871.5882352941176
2679,1875.7058823529412
2680,1879.2941176470588
2681,1888.0588235294117
2682,1897.5882352941176
2683,1905.4117647058824
2684,1910.1764705882354
2685,1913.0588235294117
2686,1913.2941176470588
2687,1914.235294117647
2688,1918.1176470588234
2689,1926.5294117647059
2690,1934.235294117647
2691,1937.2941176470588
2692,1933.0588235294117
2693,1924.0
2694,1911.5294117647059
2695,1897.6470588235295
2696,1886.9411764705883
2697,1883.8823529411766
2698,1882.1764705882354
2699,1879.235294117647
2700,1873.9411764705883
2701,1867.764705882353
2702,1859.5882352941176
2703,1850.1764705882354
2704,1820.6470588235295
2705,1786.9411764705883
2706,1752.5294117647059
2707,1723.0588235294117
2708,1704.764705882353
2709,1699.5882352941176
2710,1703.3529411764705
2711,1709.9411764705883
2712,1718.7058823529412
2713,1727.4117647058824
2714,1736.3529411764705
2715,1746.5294117647059
2716,1761.1764705882354
2717,1781.6470588235295
2718,1803.3529411764705
2719,1820.5294117647059
2720,1831.8235294117646
2721,1857.5882352941176
2722,1884.2941176470588
2723,1909.8235294117646
2724,1932.5882352941176
2725,1948.9411764705883
2726,1957.1176470588234
2727,1966.3529411764705
2728,1978.4117647058824
2729,1994.8823529411766
2730,1999.0
2731,1993.235294117647
2732,1979.7058823529412
2733,1960.0588235294117
2734,1936.8823529411766
2735,1913.0
2736,1893.0
2737,1877.0
2738,1860.0
2739,1840.4705882352941
2740,1819.1764705882354
2741,1799.1764705882354
2742,1783.1176470588234
2743,1773.5882352941176
2744,1764.235294117647
2745,1757.4705882352941
2746,1746.764705882353
2747,1743.5294117647059
2748,1741.8823529411766
2749,1742.235294117647
2750,1754.8823529411766
2751,1763.4705882352941
2752,1771.235294117647
2753,1779.2941176470588
2754,1790.1176470588234
2755,1807.8823529411766
2756,1832.3529411764705
2757,1860.8823529411766
2758,1885.764705882353
2759,1901.0
2760,1906.764705882353
2761,1904.0
2762,1893.8235294117646
2763,1880.4117647058824
2764,1869.8235294117646
2765,1864.7058823529412
2766,1859.9411764705883
2767,1842.1176470588234
2768,1825.8823529411766
2769,1811.0
2770,1798.5294117647059
2771,1786.4705882352941
2772,1775.5294117647059
2773,1765.5882352941176
2774,1749.7058823529412
2775,1734.235294117647
2776,1723.8823529411766
2777,1715.8235294117646
2778,1705.5882352941176
2779,1692.4117647058824
2780,1678.0588235294117
2781,1665.4117647058824
2782,1655.8235294117646
2783,1653.5294117647059
2784,1661.0588235294117
2785,1677.6470588235295
2786,1696.1764705882354
2787,1710.8235294117646
2788,1722.4117647058824
2789,1730.0588235294117
2790,1735.1176470588234
2791,1747.0588235294117
2792,1764.0588235294117
2793,1786.1176470588234
2794,1810.8235294117646
2795,1838.4117647058824
2796,1866.6470588235295
2797,1879.4117647058824
2798,1883.4705882352941
2799,1880.5294117647059
2800,1872.5294117647059
2801,1859.5294117647059
2802,1843.5882352941176
2803,1830.8823529411766
2804,1823.9411764705883
2805,1819.4117647058824
2806,1814.764705882353
2807,1814.1176470588234
2808,1815.0
2809,1816.6470588235295
2810,1817.1176470588234
2811,1819.0
2812,1823.8235294117646
2813,1830.4117647058824
2814,1849.3529411764705
2815,1871.2941176470588
2816,1894.6470588235295
2817,1917.4705882352941
2818,1939.3529411764705
2819,1960.0
2820,1965.1176470588234
2821,1966.5294117647059
2822,1967.0
2823,1969.9411764705883
2824,1966.8235294117646
2825,1956.5294117647059
2826,1939.3529411764705
2827,1918.2941176470588
2828,1897.4117647058824
2829,1879.0588235294117
2830,1866.0
2831,1862.8823529411766
2832,1867.2941176470588
2833,1873.5294117647059
2834,1878.0588235294117
2835,1881.1764705882354
2836,1881.9411764705883
2837,1892.4705882352941
2838,1901.235294117647
2839,1908.3529411764705
2840,1913.3529411764705
2841,1917.1176470588234
2842,1919.0588235294117
2843,1933.6470588235295
2844,1950.0588235294117
2845,1961.5294117647059
2846,1967.3529411764705
2847,1967.8235294117646
2848,1963.1176470588234
2849,1954.5882352941176
2850,1946.4117647058824
2851,1941.235294117647
2852,1936.5882352941176
2853,1928.8235294117646
2854,1916.4117647058824
2855,1903.5294117647059
2856,1892.6470588235295
2857,1884.5882352941176
2858,1882.235294117647
2859,1889.7058823529412
2860,1890.5882352941176
2861,1889.4705882352941
2862,1887.7058823529412
2863,1886.0
2864,1884.764705882353
2865,1883.764705882353
2866,1882.1764705882354
2867,1864.7058823529412
2868,1847.235294117647
2869,1832.1176470588234
2870,1823.5294117647059
2871,1822.9411764705883
2872,1827.3529411764705
2873,1824.8235294117646
2874,1818.2941176470588
2875,1809.2941176470588
2876,1798.764705882353
2877,1788.8235294117646
2878,1783.1176470588234
2879,1784.764705882353
2880,1789.3529411764705
2881,1793.1764705882354
2882,1789.8823529411766
2883,1788.0588235294117
2884,1801.9411764705883
2885,1816.0
2886,1829.5294117647059
2887,1842.2941176470588
2888,1852.235294117647
2889,1856.1176470588234
2890,1863.235294117647
2891,1870.8235294117646
2892,1874.4117647058824
2893,1867.8823529411766
2894,1852.4117647058824
2895,1831.8823529411766
2896,1808.5294117647059
2897,1786.8823529411766
2898,1771.4705882352941
2899,1768.4117647058824
2900,1765.6470588235295
2901,1762.235294117647
2902,1756.5294117647059
2903,1749.5294117647059
2904,1741.1176470588234
2905,1733.5882352941176
2906,1731.0
2907,1733.5882352941176
2908,1736.9411764705883
2909,1739.4705882352941
2910,1743.3529411764705
2911,1749.5882352941176
2912,1756.235294117647
2913,1767.5294117647059
2914,1777.5294117647059
2915,1785.1176470588234
2916,1789.1764705882354
2917,1794.9411764705883
2918,1802.2941176470588
2919,1809.2941176470588
2920,1810.5882352941176
2921,1807.1176470588234
2922,1800.9411764705883
2923,1792.235294117647
2924,1781.9411764705883
2925,1773.4705882352941
2926,1772.0588235294117
2927,1776.6470588235295
2928,1781.764705882353
2929,1786.8235294117646
2930,1787.1176470588234
2931,1789.3529411764705
2932,1793.0588235294117
2933,1798.2941176470588
2934,1803.5882352941176
2935,1808.2941176470588
2936,1811.6470588235295
2937,1817.0
2938,1827.6470588235295
2939,1837.9411764705883
2940,1844.1764705882354
2941,1846.0588235294117
2942,1845.235294117647
2943,1841.5882352941176
2944,1838.2941176470588
2945,1838.8235294117646
2946,1839.4117647058824
2947,1843.9411764705883
2948,1839.0
2949,1828.7058823529412
2950,1815.0
2951,1799.9411764705883
2952,1787.3529411764705
2953,1781.4117647058824
2954,1783.7058823529412
2955,1785.9411764705883
2956,1788.764705882353
2957,1793.6470588235295
2958,1801.0588235294117
2959,1810.1764705882354
2960,1819.5882352941176
2961,1825.0
2962,1828.0588235294117
2963,1832.7058823529412
2964,1833.5882352941176
2965,1843.0588235294117
2966,1854.9411764705883
2967,1863.9411764705883
2968,1867.0588235294117
2969,1864.235294117647
2970,1857.5882352941176
2971,1846.764705882353
2972,1836.764705882353
2973,1831.1764705882354
2974,1830.2941176470588
2975,1828.8235294117646
2976,1820.9411764705883
2977,1806.8235294117646
2978,1792.5882352941176
2979,1778.6470588235295
2980,1765.5294117647059
2981,1754.5882352941176
2982,1746.2941176470588
2983,1746.0
2984,1749.1176470588234
2985,1757.4117647058824
2986,1766.2941176470588
2987,1772.0588235294117
2988,1773.1176470588234
2989,1770.7058823529412
2990,1766.1176470588234
2991,1762.7058823529412
2992,1765.0
2993,1777.5294117647059
2994,1798.6470588235295
2995,1822.3529411764705
2996,1843.1764705882354
2997,1860.2941176470588
2998,1872.8823529411766
2999,1879.4705882352941
